{"fieldset":[{"id":"BT-115-Lot","xpathAbsolute":"/*/cac:ProcurementProjectLot[cbc:ID/@schemeName='Lot']/cac:TenderingProcess/cbc:GovernmentAgreementConstraintIndicator","repeatable":false},{"id":"BT-92-Lot","xpathAbsolute":"/*/cac:ProcurementProjectLot[cbc:ID/@schemeName='Lot']/cac:TenderingTerms/cac:PostAwardProcess/cbc:ElectronicOrderUsageIndicator","repeatable":false},{"id":"BT-93-Lot","xpathAbsolute":"/*/cac:ProcurementProjectLot[cbc:ID/@schemeName='Lot']/cac:TenderingTerms/cac:PostAwardProcess/cbc:ElectronicPaymentUsageIndicator","repeatable":false}],"totalElementsCount":61,"input":[{"id":"BT-04-notice","xpathAbsolute":"/*/cbc:ContractFolderID","repeatable":false},{"id":"BT-05(a)-notice","xpathAbsolute":"/*/cbc:IssueDate","repeatable":false},{"id":"BT-05(b)-notice","xpathAbsolute":"/*/cbc:IssueTime","repeatable":false},{"id":"BT-137-Lot","xpathAbsolute":"/*/cac:ProcurementProjectLot[cbc:ID/@schemeName='Lot']/cbc:ID","repeatable":false},{"id":"BT-145-Contract","xpathAbsolute":"/*/ext:UBLExtensions/ext:UBLExtension/ext:ExtensionContent/efext:EformsExtension/efac:NoticeResult/efac:SettledContract/cbc:IssueDate","repeatable":false},{"id":"BT-1501(n)-Contract","xpathAbsolute":"/*/ext:UBLExtensions/ext:UBLExtension/ext:ExtensionContent/efext:EformsExtension/efac:ContractModification/efbc:ChangedNoticeIdentifier","repeatable":false},{"id":"BT-1501(s)-Contract","xpathAbsolute":"/*/ext:UBLExtensions/ext:UBLExtension/ext:ExtensionContent/efext:EformsExtension/efac:ContractModification/efac:Change/efac:ChangedSection/efbc:ChangedSectionIdentifier","repeatable":false},{"id":"BT-22-Lot","xpathAbsolute":"/*/cac:ProcurementProjectLot[cbc:ID/@schemeName='Lot']/cac:ProcurementProject/cbc:ID","repeatable":false},{"id":"BT-3201-Tender","xpathAbsolute":"/*/ext:UBLExtensions/ext:UBLExtension/ext:ExtensionContent/efext:EformsExtension/efac:NoticeResult/efac:LotTender/efac:TenderReference/cbc:ID","repeatable":false},{"id":"BT-36-Lot","xpathAbsolute":"/*/cac:ProcurementProjectLot[cbc:ID/@schemeName='Lot']/cac:ProcurementProject/cac:PlannedPeriod/cbc:DurationMeasure","repeatable":false},{"id":"BT-501-Organization-Company","xpathAbsolute":"/*/ext:UBLExtensions/ext:UBLExtension/ext:ExtensionContent/efext:EformsExtension/efac:Organizations/efac:Organization/efac:Company/cac:PartyLegalEntity/cbc:CompanyID","repeatable":true},{"id":"BT-503-Organization-Company","xpathAbsolute":"/*/ext:UBLExtensions/ext:UBLExtension/ext:ExtensionContent/efext:EformsExtension/efac:Organizations/efac:Organization/efac:Company/cac:Contact/cbc:Telephone","repeatable":false},{"id":"BT-506-Organization-Company","xpathAbsolute":"/*/ext:UBLExtensions/ext:UBLExtension/ext:ExtensionContent/efext:EformsExtension/efac:Organizations/efac:Organization/efac:Company/cac:Contact/cbc:ElectronicMail","repeatable":false},{"id":"BT-58-Lot","xpathAbsolute":"/*/cac:ProcurementProjectLot[cbc:ID/@schemeName='Lot']/cac:ProcurementProject/cac:ContractExtension/cbc:MaximumNumberNumeric","repeatable":false},{"id":"BT-701-notice","xpathAbsolute":"/*/cbc:ID[@schemeName='notice-id']","repeatable":false},{"id":"BT-720-Tender","xpathAbsolute":"/*/ext:UBLExtensions/ext:UBLExtension/ext:ExtensionContent/efext:EformsExtension/efac:NoticeResult/efac:LotTender/cac:LegalMonetaryTotal/cbc:PayableAmount","repeatable":false},{"id":"BT-757-notice","xpathAbsolute":"/*/cbc:VersionID","repeatable":false},{"id":"OPT-001-notice","xpathAbsolute":"/*/cbc:UBLVersionID","repeatable":false},{"id":"OPT-002-notice","xpathAbsolute":"/*/cbc:CustomizationID","repeatable":false},{"id":"OPT-200-Organization-Company","xpathAbsolute":"/*/ext:UBLExtensions/ext:UBLExtension/ext:ExtensionContent/efext:EformsExtension/efac:Organizations/efac:Organization/efac:Company/cac:PartyIdentification/cbc:ID","repeatable":false},{"id":"OPT-316-Contract","xpathAbsolute":"/*/ext:UBLExtensions/ext:UBLExtension/ext:ExtensionContent/efext:EformsExtension/efac:NoticeResult/efac:SettledContract/cbc:ID","repeatable":false},{"id":"OPT-321-Tender","xpathAbsolute":"/*/ext:UBLExtensions/ext:UBLExtension/ext:ExtensionContent/efext:EformsExtension/efac:NoticeResult/efac:LotTender/cbc:ID","repeatable":false},{"id":"OPT-322-LotResult","xpathAbsolute":"/*/ext:UBLExtensions/ext:UBLExtension/ext:ExtensionContent/efext:EformsExtension/efac:NoticeResult/efac:LotResult/cbc:ID","repeatable":false},{"id":"OPT-999","xpathAbsolute":"/*/cac:TenderResult/cbc:AwardDate","repeatable":false}],"select":[{"id":"BT-01-notice","xpathAbsolute":"/*/cbc:RegulatoryDomain","repeatable":false},{"id":"BT-02-notice","xpathAbsolute":"/*/cbc:NoticeTypeCode","repeatable":false},{"id":"BT-03-notice","xpathAbsolute":"/*/cbc:NoticeTypeCode/@listName","repeatable":false},{"id":"BT-200-Contract","xpathAbsolute":"/*/ext:UBLExtensions/ext:UBLExtension/ext:ExtensionContent/efext:EformsExtension/efac:ContractModification/efac:ChangeReason/cbc:ReasonCode","repeatable":false},{"id":"BT-23-Lot","xpathAbsolute":"/*/cac:ProcurementProjectLot[cbc:ID/@schemeName='Lot']/cac:ProcurementProject/cbc:ProcurementTypeCode[@listName='contract-nature']","repeatable":false},{"id":"BT-23-Procedure","xpathAbsolute":"/*/cac:ProcurementProject/cbc:ProcurementTypeCode","repeatable":false},{"id":"BT-26(m)-Lot","xpathAbsolute":"/*/cac:ProcurementProjectLot[cbc:ID/@schemeName='Lot']/cac:ProcurementProject/cac:MainCommodityClassification/cbc:ItemClassificationCode/@listName","repeatable":false},{"id":"BT-26(m)-Procedure","xpathAbsolute":"/*/cac:ProcurementProject/cac:MainCommodityClassification/cbc:ItemClassificationCode/@listName","repeatable":false},{"id":"BT-262-Lot","xpathAbsolute":"/*/cac:ProcurementProjectLot[cbc:ID/@schemeName='Lot']/cac:ProcurementProject/cac:MainCommodityClassification/cbc:ItemClassificationCode","repeatable":false},{"id":"BT-262-Procedure","xpathAbsolute":"/*/cac:ProcurementProject/cac:MainCommodityClassification/cbc:ItemClassificationCode","repeatable":false},{"id":"BT-514-Organization-Company","xpathAbsolute":"/*/ext:UBLExtensions/ext:UBLExtension/ext:ExtensionContent/efext:EformsExtension/efac:Organizations/efac:Organization/efac:Company/cac:PostalAddress/cac:Country/cbc:IdentificationCode","repeatable":false},{"id":"BT-60-Lot","xpathAbsolute":"/*/cac:ProcurementProjectLot[cbc:ID/@schemeName='Lot']/cac:TenderingTerms/cbc:FundingProgramCode[@listName='eu-funded']","repeatable":false},{"id":"BT-702(a)-notice","xpathAbsolute":"/*/cbc:NoticeLanguageCode","repeatable":false},{"id":"BT-736-Lot","xpathAbsolute":"/*/cac:ProcurementProjectLot[cbc:ID/@schemeName='Lot']/cac:TenderingTerms/cac:ContractExecutionRequirement/cbc:ExecutionRequirementCode[@listName='reserved-execution']","repeatable":false},{"id":"BT-743-Lot","xpathAbsolute":"/*/cac:ProcurementProjectLot[cbc:ID/@schemeName='Lot']/cac:TenderingTerms/cac:ContractExecutionRequirement/cbc:ExecutionRequirementCode[@listName='einvoicing']","repeatable":false},{"id":"BT-761-Lot","xpathAbsolute":"/*/cac:ProcurementProjectLot[cbc:ID/@schemeName='Lot']/cac:TenderingTerms/cac:TendererQualificationRequest[not(cac:SpecificTendererRequirement)]/cbc:CompanyLegalFormCode","repeatable":false},{"id":"OPP-070-notice","xpathAbsolute":"/*/ext:UBLExtensions/ext:UBLExtension/ext:ExtensionContent/efext:EformsExtension/efac:NoticeSubType/cbc:SubTypeCode","repeatable":false},{"id":"OPT-060-Lot","xpathAbsolute":"/*/cac:ProcurementProjectLot[cbc:ID/@schemeName='Lot']/cac:TenderingTerms/cac:ContractExecutionRequirement/cbc:ExecutionRequirementCode[@listName='conditions']","repeatable":false},{"id":"OPT-300-Procedure-Buyer","xpathAbsolute":"/*/cac:ContractingParty/cac:Party/cac:PartyIdentification/cbc:ID","repeatable":false},{"id":"OPT-301-Lot-AddInfo","xpathAbsolute":"/*/cac:ProcurementProjectLot[cbc:ID/@schemeName='Lot']/cac:TenderingTerms/cac:AdditionalInformationParty/cac:PartyIdentification/cbc:ID","repeatable":false},{"id":"OPT-301-Lot-EmployLegis","xpathAbsolute":"/*/cac:ProcurementProjectLot[cbc:ID/@schemeName='Lot']/cac:TenderingTerms/cac:EmploymentLegislationDocumentReference/cac:IssuerParty/cac:PartyIdentification/cbc:ID","repeatable":false},{"id":"OPT-301-Lot-EnvironLegis","xpathAbsolute":"/*/cac:ProcurementProjectLot[cbc:ID/@schemeName='Lot']/cac:TenderingTerms/cac:EnvironmentalLegislationDocumentReference/cac:IssuerParty/cac:PartyIdentification/cbc:ID","repeatable":false},{"id":"OPT-301-Lot-FiscalLegis","xpathAbsolute":"/*/cac:ProcurementProjectLot[cbc:ID/@schemeName='Lot']/cac:TenderingTerms/cac:FiscalLegislationDocumentReference/cac:IssuerParty/cac:PartyIdentification/cbc:ID","repeatable":false},{"id":"OPT-301-Lot-ReviewOrg","xpathAbsolute":"/*/cac:ProcurementProjectLot[cbc:ID/@schemeName='Lot']/cac:TenderingTerms/cac:AppealTerms/cac:AppealReceiverParty/cac:PartyIdentification/cbc:ID","repeatable":false}],"textarea":[{"id":"BT-201-Contract","xpathAbsolute":"/*/ext:UBLExtensions/ext:UBLExtension/ext:ExtensionContent/efext:EformsExtension/efac:ContractModification/efac:ChangeReason/efbc:ReasonDescription","repeatable":false},{"id":"BT-202-Contract","xpathAbsolute":"/*/ext:UBLExtensions/ext:UBLExtension/ext:ExtensionContent/efext:EformsExtension/efac:ContractModification/efac:Change/efbc:ChangeDescription","repeatable":false},{"id":"BT-21-Lot","xpathAbsolute":"/*/cac:ProcurementProjectLot[cbc:ID/@schemeName='Lot']/cac:ProcurementProject/cbc:Name","repeatable":false},{"id":"BT-21-Procedure","xpathAbsolute":"/*/cac:ProcurementProject/cbc:Name","repeatable":false},{"id":"BT-24-Lot","xpathAbsolute":"/*/cac:ProcurementProjectLot[cbc:ID/@schemeName='Lot']/cac:ProcurementProject/cbc:Description","repeatable":false},{"id":"BT-24-Procedure","xpathAbsolute":"/*/cac:ProcurementProject/cbc:Description","repeatable":false},{"id":"BT-500-Organization-Company","xpathAbsolute":"/*/ext:UBLExtensions/ext:UBLExtension/ext:ExtensionContent/efext:EformsExtension/efac:Organizations/efac:Organization/efac:Company/cac:PartyName/cbc:Name","repeatable":false},{"id":"BT-513-Organization-Company","xpathAbsolute":"/*/ext:UBLExtensions/ext:UBLExtension/ext:ExtensionContent/efext:EformsExtension/efac:Organizations/efac:Organization/efac:Company/cac:PostalAddress/cbc:CityName","repeatable":false},{"id":"BT-70-Lot","xpathAbsolute":"/*/cac:ProcurementProjectLot[cbc:ID/@schemeName='Lot']/cac:TenderingTerms/cac:ContractExecutionRequirement[cbc:ExecutionRequirementCode/@listName='conditions']/cbc:Description","repeatable":false},{"id":"BT-77-Lot","xpathAbsolute":"/*/cac:ProcurementProjectLot[cbc:ID/@schemeName='Lot']/cac:TenderingTerms/cac:PaymentTerms/cbc:Note","repeatable":false}]}