{
    "fieldset": [
        {
            "id": "BT-115-Lot",
            "xpathAbsolute": "/*/cac:ProcurementProjectLot[cbc:ID/@schemeName='Lot']/cac:TenderingProcess/cbc:GovernmentAgreementConstraintIndicator",
            "repeatable": false
        },
        {
            "id": "BT-23-Lot",
            "xpathAbsolute": "/*/cac:ProcurementProjectLot[cbc:ID/@schemeName='Lot']/cac:ProcurementProject/cbc:ProcurementTypeCode[@listName='contract-nature']",
            "repeatable": false
        },
        {
            "id": "BT-767-Lot",
            "xpathAbsolute": "/*/cac:ProcurementProjectLot[cbc:ID/@schemeName='Lot']/cac:TenderingProcess/cac:AuctionTerms/cbc:AuctionConstraintIndicator",
            "repeatable": false
        },
        {
            "id": "BT-92-Lot",
            "xpathAbsolute": "/*/cac:ProcurementProjectLot[cbc:ID/@schemeName='Lot']/cac:TenderingTerms/cac:PostAwardProcess/cbc:ElectronicOrderUsageIndicator",
            "repeatable": false
        },
        {
            "id": "BT-93-Lot",
            "xpathAbsolute": "/*/cac:ProcurementProjectLot[cbc:ID/@schemeName='Lot']/cac:TenderingTerms/cac:PostAwardProcess/cbc:ElectronicPaymentUsageIndicator",
            "repeatable": false
        }
    ],
    "totalElementsCount": 73,
    "input": [
        {
            "id": "BT-04-notice",
            "xpathAbsolute": "/*/cbc:ContractFolderID",
            "repeatable": false
        },
        {
            "id": "BT-05(a)-notice",
            "xpathAbsolute": "/*/cbc:IssueDate",
            "repeatable": false
        },
        {
            "id": "BT-05(b)-notice",
            "xpathAbsolute": "/*/cbc:IssueTime",
            "repeatable": false
        },
        {
            "id": "BT-131(d)-Lot",
            "xpathAbsolute": "/*/cac:ProcurementProjectLot[cbc:ID/@schemeName='Lot']/cac:TenderingProcess/cac:TenderSubmissionDeadlinePeriod/cbc:EndDate",
            "repeatable": false
        },
        {
            "id": "BT-131(t)-Lot",
            "xpathAbsolute": "/*/cac:ProcurementProjectLot[cbc:ID/@schemeName='Lot']/cac:TenderingProcess/cac:TenderSubmissionDeadlinePeriod/cbc:EndTime",
            "repeatable": false
        },
        {
            "id": "BT-1311(d)-Lot",
            "xpathAbsolute": "/*/cac:ProcurementProjectLot[cbc:ID/@schemeName='Lot']/cac:TenderingProcess/cac:ParticipationRequestReceptionPeriod/cbc:EndDate",
            "repeatable": false
        },
        {
            "id": "BT-1311(t)-Lot",
            "xpathAbsolute": "/*/cac:ProcurementProjectLot[cbc:ID/@schemeName='Lot']/cac:TenderingProcess/cac:ParticipationRequestReceptionPeriod/cbc:EndTime",
            "repeatable": false
        },
        {
            "id": "BT-137-Lot",
            "xpathAbsolute": "/*/cac:ProcurementProjectLot[cbc:ID/@schemeName='Lot']/cbc:ID",
            "repeatable": false
        },
        {
            "id": "BT-15-Lot",
            "xpathAbsolute": "/*/cac:ProcurementProjectLot[cbc:ID/@schemeName='Lot']/cac:TenderingTerms/cac:CallForTendersDocumentReference/cac:Attachment[not(../cbc:DocumentType/text()='restricted-document')]/cac:ExternalReference/cbc:URI",
            "repeatable": false
        },
        {
            "id": "BT-22-Lot",
            "xpathAbsolute": "/*/cac:ProcurementProjectLot[cbc:ID/@schemeName='Lot']/cac:ProcurementProject/cbc:ID",
            "repeatable": false
        },
        {
            "id": "BT-36-Lot",
            "xpathAbsolute": "/*/cac:ProcurementProjectLot[cbc:ID/@schemeName='Lot']/cac:ProcurementProject/cac:PlannedPeriod/cbc:DurationMeasure",
            "repeatable": false
        },
        {
            "id": "BT-501-Organization-Company",
            "xpathAbsolute": "/*/ext:UBLExtensions/ext:UBLExtension/ext:ExtensionContent/efext:EformsExtension/efac:Organizations/efac:Organization/efac:Company/cac:PartyLegalEntity/cbc:CompanyID",
            "repeatable": true
        },
        {
            "id": "BT-503-Organization-Company",
            "xpathAbsolute": "/*/ext:UBLExtensions/ext:UBLExtension/ext:ExtensionContent/efext:EformsExtension/efac:Organizations/efac:Organization/efac:Company/cac:Contact/cbc:Telephone",
            "repeatable": false
        },
        {
            "id": "BT-506-Organization-Company",
            "xpathAbsolute": "/*/ext:UBLExtensions/ext:UBLExtension/ext:ExtensionContent/efext:EformsExtension/efac:Organizations/efac:Organization/efac:Company/cac:Contact/cbc:ElectronicMail",
            "repeatable": false
        },
        {
            "id": "BT-508-Procedure-Buyer",
            "xpathAbsolute": "/*/cac:ContractingParty/cbc:BuyerProfileURI",
            "repeatable": false
        },
        {
            "id": "BT-58-Lot",
            "xpathAbsolute": "/*/cac:ProcurementProjectLot[cbc:ID/@schemeName='Lot']/cac:ProcurementProject/cac:ContractExtension/cbc:MaximumNumberNumeric",
            "repeatable": false
        },
        {
            "id": "BT-615-Lot",
            "xpathAbsolute": "/*/cac:ProcurementProjectLot[cbc:ID/@schemeName='Lot']/cac:TenderingTerms/cac:CallForTendersDocumentReference/cac:Attachment[../cbc:DocumentType/text()='restricted-document']/cac:ExternalReference/cbc:URI",
            "repeatable": false
        },
        {
            "id": "BT-701-notice",
            "xpathAbsolute": "/*/cbc:ID[@schemeName='notice-id']",
            "repeatable": false
        },
        {
            "id": "BT-757-notice",
            "xpathAbsolute": "/*/cbc:VersionID",
            "repeatable": false
        },
        {
            "id": "OPT-001-notice",
            "xpathAbsolute": "/*/cbc:UBLVersionID",
            "repeatable": false
        },
        {
            "id": "OPT-002-notice",
            "xpathAbsolute": "/*/cbc:CustomizationID",
            "repeatable": false
        },
        {
            "id": "OPT-200-Organization-Company",
            "xpathAbsolute": "/*/ext:UBLExtensions/ext:UBLExtension/ext:ExtensionContent/efext:EformsExtension/efac:Organizations/efac:Organization/efac:Company/cac:PartyIdentification/cbc:ID",
            "repeatable": false
        }
    ],
    "select": [
        {
            "id": "BT-01-notice",
            "xpathAbsolute": "/*/cbc:RegulatoryDomain",
            "repeatable": false
        },
        {
            "id": "BT-02-notice",
            "xpathAbsolute": "/*/cbc:NoticeTypeCode",
            "repeatable": false
        },
        {
            "id": "BT-03-notice",
            "xpathAbsolute": "/*/cbc:NoticeTypeCode/@listName",
            "repeatable": false
        },
        {
            "id": "BT-10-Procedure-Buyer",
            "xpathAbsolute": "/*/cac:ContractingParty/cac:ContractingActivity/cbc:ActivityTypeCode[@listName='authority-activity']",
            "repeatable": false
        },
        {
            "id": "BT-105-Procedure",
            "xpathAbsolute": "/*/cac:TenderingProcess/cbc:ProcedureCode",
            "repeatable": false
        },
        {
            "id": "BT-11-Procedure-Buyer",
            "xpathAbsolute": "/*/cac:ContractingParty/cac:ContractingPartyType/cbc:PartyTypeCode[@listName='buyer-legal-type']",
            "repeatable": false
        },
        {
            "id": "BT-14-Lot",
            "xpathAbsolute": "/*/cac:ProcurementProjectLot[cbc:ID/@schemeName='Lot']/cac:TenderingTerms/cac:CallForTendersDocumentReference/cbc:DocumentType",
            "repeatable": false
        },
        {
            "id": "BT-17-Lot",
            "xpathAbsolute": "/*/cac:ProcurementProjectLot[cbc:ID/@schemeName='Lot']/cac:TenderingProcess/cbc:SubmissionMethodCode[@listName='esubmission']",
            "repeatable": false
        },
        {
            "id": "BT-23-Procedure",
            "xpathAbsolute": "/*/cac:ProcurementProject/cbc:ProcurementTypeCode",
            "repeatable": false
        },
        {
            "id": "BT-26(m)-Lot",
            "xpathAbsolute": "/*/cac:ProcurementProjectLot[cbc:ID/@schemeName='Lot']/cac:ProcurementProject/cac:MainCommodityClassification/cbc:ItemClassificationCode/@listName",
            "repeatable": false
        },
        {
            "id": "BT-26(m)-Procedure",
            "xpathAbsolute": "/*/cac:ProcurementProject/cac:MainCommodityClassification/cbc:ItemClassificationCode/@listName",
            "repeatable": false
        },
        {
            "id": "BT-262-Lot",
            "xpathAbsolute": "/*/cac:ProcurementProjectLot[cbc:ID/@schemeName='Lot']/cac:ProcurementProject/cac:MainCommodityClassification/cbc:ItemClassificationCode",
            "repeatable": false
        },
        {
            "id": "BT-262-Procedure",
            "xpathAbsolute": "/*/cac:ProcurementProject/cac:MainCommodityClassification/cbc:ItemClassificationCode",
            "repeatable": false
        },
        {
            "id": "BT-514-Organization-Company",
            "xpathAbsolute": "/*/ext:UBLExtensions/ext:UBLExtension/ext:ExtensionContent/efext:EformsExtension/efac:Organizations/efac:Organization/efac:Company/cac:PostalAddress/cac:Country/cbc:IdentificationCode",
            "repeatable": false
        },
        {
            "id": "BT-539-Lot",
            "xpathAbsolute": "/*/cac:ProcurementProjectLot[cbc:ID/@schemeName='Lot']/cac:TenderingTerms/cac:AwardingTerms/cac:AwardingCriterion/cac:SubordinateAwardingCriterion/cbc:AwardingCriterionTypeCode[@listName='award-criterion-type']",
            "repeatable": false
        },
        {
            "id": "BT-60-Lot",
            "xpathAbsolute": "/*/cac:ProcurementProjectLot[cbc:ID/@schemeName='Lot']/cac:TenderingTerms/cbc:FundingProgramCode[@listName='eu-funded']",
            "repeatable": false
        },
        {
            "id": "BT-67(a)-Procedure",
            "xpathAbsolute": "/*/cac:TenderingTerms/cac:TendererQualificationRequest/cac:SpecificTendererRequirement/cbc:TendererRequirementTypeCode[@listName='exclusion-ground']",
            "repeatable": false
        },
        {
            "id": "BT-702(a)-notice",
            "xpathAbsolute": "/*/cbc:NoticeLanguageCode",
            "repeatable": false
        },
        {
            "id": "BT-707-Lot",
            "xpathAbsolute": "/*/cac:ProcurementProjectLot[cbc:ID/@schemeName='Lot']/cac:TenderingTerms/cac:CallForTendersDocumentReference/cbc:DocumentTypeCode",
            "repeatable": false
        },
        {
            "id": "BT-71-Lot",
            "xpathAbsolute": "/*/cac:ProcurementProjectLot[cbc:ID/@schemeName='Lot']/cac:TenderingTerms/cac:TendererQualificationRequest[not(cbc:CompanyLegalFormCode)][not(cac:SpecificTendererRequirement/cbc:TendererRequirementTypeCode[@listName='missing-info-submission'])]/cac:SpecificTendererRequirement[cbc:TendererRequirementTypeCode/@listName='reserved-procurement']/cbc:TendererRequirementTypeCode[@listName='reserved-procurement']",
            "repeatable": false
        },
        {
            "id": "BT-736-Lot",
            "xpathAbsolute": "/*/cac:ProcurementProjectLot[cbc:ID/@schemeName='Lot']/cac:TenderingTerms/cac:ContractExecutionRequirement/cbc:ExecutionRequirementCode[@listName='reserved-execution']",
            "repeatable": false
        },
        {
            "id": "BT-743-Lot",
            "xpathAbsolute": "/*/cac:ProcurementProjectLot[cbc:ID/@schemeName='Lot']/cac:TenderingTerms/cac:ContractExecutionRequirement/cbc:ExecutionRequirementCode[@listName='einvoicing']",
            "repeatable": false
        },
        {
            "id": "BT-747-Lot",
            "xpathAbsolute": "/*/cac:ProcurementProjectLot[cbc:ID/@schemeName='Lot']/cac:TenderingTerms/ext:UBLExtensions/ext:UBLExtension/ext:ExtensionContent/efext:EformsExtension/efac:SelectionCriteria/cbc:CriterionTypeCode[@listName='selection-criterion']",
            "repeatable": false
        },
        {
            "id": "BT-751-Lot",
            "xpathAbsolute": "/*/cac:ProcurementProjectLot[cbc:ID/@schemeName='Lot']/cac:TenderingTerms/cac:RequiredFinancialGuarantee/cbc:GuaranteeTypeCode[@listName='tender-guarantee-required']",
            "repeatable": false
        },
        {
            "id": "BT-761-Lot",
            "xpathAbsolute": "/*/cac:ProcurementProjectLot[cbc:ID/@schemeName='Lot']/cac:TenderingTerms/cac:TendererQualificationRequest[not(cac:SpecificTendererRequirement)]/cbc:CompanyLegalFormCode",
            "repeatable": false
        },
        {
            "id": "BT-764-Lot",
            "xpathAbsolute": "/*/cac:ProcurementProjectLot[cbc:ID/@schemeName='Lot']/cac:TenderingTerms/cac:ContractExecutionRequirement/cbc:ExecutionRequirementCode[@listName='ecatalog-submission']",
            "repeatable": false
        },
        {
            "id": "BT-765-Lot",
            "xpathAbsolute": "/*/cac:ProcurementProjectLot[cbc:ID/@schemeName='Lot']/cac:TenderingProcess/cac:ContractingSystem/cbc:ContractingSystemTypeCode[@listName='framework-agreement']",
            "repeatable": false
        },
        {
            "id": "BT-766-Lot",
            "xpathAbsolute": "/*/cac:ProcurementProjectLot[cbc:ID/@schemeName='Lot']/cac:TenderingProcess/cac:ContractingSystem/cbc:ContractingSystemTypeCode[@listName='dps-usage']",
            "repeatable": false
        },
        {
            "id": "BT-97-Lot",
            "xpathAbsolute": "/*/cac:ProcurementProjectLot[cbc:ID/@schemeName='Lot']/cac:TenderingTerms/cac:Language/cbc:ID",
            "repeatable": true
        },
        {
            "id": "OPP-070-notice",
            "xpathAbsolute": "/*/ext:UBLExtensions/ext:UBLExtension/ext:ExtensionContent/efext:EformsExtension/efac:NoticeSubType/cbc:SubTypeCode",
            "repeatable": false
        },
        {
            "id": "OPT-300-Procedure-Buyer",
            "xpathAbsolute": "/*/cac:ContractingParty/cac:Party/cac:PartyIdentification/cbc:ID",
            "repeatable": false
        },
        {
            "id": "OPT-301-Lot-AddInfo",
            "xpathAbsolute": "/*/cac:ProcurementProjectLot[cbc:ID/@schemeName='Lot']/cac:TenderingTerms/cac:AdditionalInformationParty/cac:PartyIdentification/cbc:ID",
            "repeatable": false
        },
        {
            "id": "OPT-301-Lot-EmployLegis",
            "xpathAbsolute": "/*/cac:ProcurementProjectLot[cbc:ID/@schemeName='Lot']/cac:TenderingTerms/cac:EmploymentLegislationDocumentReference/cac:IssuerParty/cac:PartyIdentification/cbc:ID",
            "repeatable": false
        },
        {
            "id": "OPT-301-Lot-EnvironLegis",
            "xpathAbsolute": "/*/cac:ProcurementProjectLot[cbc:ID/@schemeName='Lot']/cac:TenderingTerms/cac:EnvironmentalLegislationDocumentReference/cac:IssuerParty/cac:PartyIdentification/cbc:ID",
            "repeatable": false
        },
        {
            "id": "OPT-301-Lot-FiscalLegis",
            "xpathAbsolute": "/*/cac:ProcurementProjectLot[cbc:ID/@schemeName='Lot']/cac:TenderingTerms/cac:FiscalLegislationDocumentReference/cac:IssuerParty/cac:PartyIdentification/cbc:ID",
            "repeatable": false
        },
        {
            "id": "OPT-301-Lot-ReviewOrg",
            "xpathAbsolute": "/*/cac:ProcurementProjectLot[cbc:ID/@schemeName='Lot']/cac:TenderingTerms/cac:AppealTerms/cac:AppealReceiverParty/cac:PartyIdentification/cbc:ID",
            "repeatable": false
        }
    ],
    "textarea": [
        {
            "id": "BT-21-Lot",
            "xpathAbsolute": "/*/cac:ProcurementProjectLot[cbc:ID/@schemeName='Lot']/cac:ProcurementProject/cbc:Name",
            "repeatable": false
        },
        {
            "id": "BT-21-Procedure",
            "xpathAbsolute": "/*/cac:ProcurementProject/cbc:Name",
            "repeatable": false
        },
        {
            "id": "BT-24-Lot",
            "xpathAbsolute": "/*/cac:ProcurementProjectLot[cbc:ID/@schemeName='Lot']/cac:ProcurementProject/cbc:Description",
            "repeatable": false
        },
        {
            "id": "BT-24-Procedure",
            "xpathAbsolute": "/*/cac:ProcurementProject/cbc:Description",
            "repeatable": false
        },
        {
            "id": "BT-500-Organization-Company",
            "xpathAbsolute": "/*/ext:UBLExtensions/ext:UBLExtension/ext:ExtensionContent/efext:EformsExtension/efac:Organizations/efac:Organization/efac:Company/cac:PartyName/cbc:Name",
            "repeatable": false
        },
        {
            "id": "BT-513-Organization-Company",
            "xpathAbsolute": "/*/ext:UBLExtensions/ext:UBLExtension/ext:ExtensionContent/efext:EformsExtension/efac:Organizations/efac:Organization/efac:Company/cac:PostalAddress/cbc:CityName",
            "repeatable": false
        },
        {
            "id": "BT-67(b)-Procedure",
            "xpathAbsolute": "/*/cac:TenderingTerms/cac:TendererQualificationRequest/cac:SpecificTendererRequirement/cbc:Description",
            "repeatable": false
        },
        {
            "id": "BT-70-Lot",
            "xpathAbsolute": "/*/cac:ProcurementProjectLot[cbc:ID/@schemeName='Lot']/cac:TenderingTerms/cac:ContractExecutionRequirement[cbc:ExecutionRequirementCode/@listName='conditions']/cbc:Description",
            "repeatable": false
        },
        {
            "id": "BT-77-Lot",
            "xpathAbsolute": "/*/cac:ProcurementProjectLot[cbc:ID/@schemeName='Lot']/cac:TenderingTerms/cac:PaymentTerms/cbc:Note",
            "repeatable": false
        },
        {
            "id": "BT-88-Procedure",
            "xpathAbsolute": "/*/cac:TenderingProcess/cbc:Description",
            "repeatable": false
        }
    ]
}