{"fieldset":[],"totalElementsCount":42,"input":[{"id":"BT-05(a)-notice","xpathAbsolute":"/*/cbc:IssueDate","repeatable":false},{"id":"BT-05(b)-notice","xpathAbsolute":"/*/cbc:IssueTime","repeatable":false},{"id":"BT-127-notice","xpathAbsolute":"/*/cbc:PlannedDate","repeatable":false},{"id":"BT-137-Part","xpathAbsolute":"/*/cac:ProcurementProjectLot[cbc:ID/@schemeName='Part']/cbc:ID","repeatable":false},{"id":"BT-15-Part","xpathAbsolute":"/*/cac:ProcurementProjectLot[cbc:ID/@schemeName='Part']/cac:TenderingTerms/cac:CallForTendersDocumentReference/cac:Attachment[not(../cbc:DocumentType/text()='restricted-document')]/cac:ExternalReference/cbc:URI","repeatable":false},{"id":"BT-501-Organization-Company","xpathAbsolute":"/*/ext:UBLExtensions/ext:UBLExtension/ext:ExtensionContent/efext:EformsExtension/efac:Organizations/efac:Organization/efac:Company/cac:PartyLegalEntity/cbc:CompanyID","repeatable":true},{"id":"BT-503-Organization-Company","xpathAbsolute":"/*/ext:UBLExtensions/ext:UBLExtension/ext:ExtensionContent/efext:EformsExtension/efac:Organizations/efac:Organization/efac:Company/cac:Contact/cbc:Telephone","repeatable":false},{"id":"BT-506-Organization-Company","xpathAbsolute":"/*/ext:UBLExtensions/ext:UBLExtension/ext:ExtensionContent/efext:EformsExtension/efac:Organizations/efac:Organization/efac:Company/cac:Contact/cbc:ElectronicMail","repeatable":false},{"id":"BT-508-Procedure-Buyer","xpathAbsolute":"/*/cac:ContractingParty/cbc:BuyerProfileURI","repeatable":false},{"id":"BT-615-Part","xpathAbsolute":"/*/cac:ProcurementProjectLot[cbc:ID/@schemeName='Part']/cac:TenderingTerms/cac:CallForTendersDocumentReference/cac:Attachment[../cbc:DocumentType/text()='restricted-document']/cac:ExternalReference/cbc:URI","repeatable":false},{"id":"BT-701-notice","xpathAbsolute":"/*/cbc:ID[@schemeName='notice-id']","repeatable":false},{"id":"BT-757-notice","xpathAbsolute":"/*/cbc:VersionID","repeatable":false},{"id":"OPT-001-notice","xpathAbsolute":"/*/cbc:UBLVersionID","repeatable":false},{"id":"OPT-002-notice","xpathAbsolute":"/*/cbc:CustomizationID","repeatable":false},{"id":"OPT-200-Organization-Company","xpathAbsolute":"/*/ext:UBLExtensions/ext:UBLExtension/ext:ExtensionContent/efext:EformsExtension/efac:Organizations/efac:Organization/efac:Company/cac:PartyIdentification/cbc:ID","repeatable":false}],"select":[{"id":"BT-01-notice","xpathAbsolute":"/*/cbc:RegulatoryDomain","repeatable":false},{"id":"BT-02-notice","xpathAbsolute":"/*/cbc:NoticeTypeCode","repeatable":false},{"id":"BT-03-notice","xpathAbsolute":"/*/cbc:NoticeTypeCode/@listName","repeatable":false},{"id":"BT-10-Procedure-Buyer","xpathAbsolute":"/*/cac:ContractingParty/cac:ContractingActivity/cbc:ActivityTypeCode[@listName='authority-activity']","repeatable":false},{"id":"BT-11-Procedure-Buyer","xpathAbsolute":"/*/cac:ContractingParty/cac:ContractingPartyType/cbc:PartyTypeCode[@listName='buyer-legal-type']","repeatable":false},{"id":"BT-23-Part","xpathAbsolute":"/*/cac:ProcurementProjectLot[cbc:ID/@schemeName='Part']/cac:ProcurementProject/cbc:ProcurementTypeCode[@listName='contract-nature']","repeatable":false},{"id":"BT-23-Procedure","xpathAbsolute":"/*/cac:ProcurementProject/cbc:ProcurementTypeCode","repeatable":false},{"id":"BT-26(m)-Part","xpathAbsolute":"/*/cac:ProcurementProjectLot[cbc:ID/@schemeName='Part']/cac:ProcurementProject/cac:MainCommodityClassification/cbc:ItemClassificationCode/@listName","repeatable":false},{"id":"BT-26(m)-Procedure","xpathAbsolute":"/*/cac:ProcurementProject/cac:MainCommodityClassification/cbc:ItemClassificationCode/@listName","repeatable":false},{"id":"BT-262-Part","xpathAbsolute":"/*/cac:ProcurementProjectLot[cbc:ID/@schemeName='Part']/cac:ProcurementProject/cac:MainCommodityClassification/cbc:ItemClassificationCode","repeatable":false},{"id":"BT-262-Procedure","xpathAbsolute":"/*/cac:ProcurementProject/cac:MainCommodityClassification/cbc:ItemClassificationCode","repeatable":false},{"id":"BT-514-Organization-Company","xpathAbsolute":"/*/ext:UBLExtensions/ext:UBLExtension/ext:ExtensionContent/efext:EformsExtension/efac:Organizations/efac:Organization/efac:Company/cac:PostalAddress/cac:Country/cbc:IdentificationCode","repeatable":false},{"id":"BT-610-Procedure-Buyer","xpathAbsolute":"/*/cac:ContractingParty/cac:ContractingActivity/cbc:ActivityTypeCode[@listName='entity-activity']","repeatable":false},{"id":"BT-702(a)-notice","xpathAbsolute":"/*/cbc:NoticeLanguageCode","repeatable":false},{"id":"BT-740-Procedure-Buyer","xpathAbsolute":"/*/cac:ContractingParty/cac:ContractingPartyType/cbc:PartyTypeCode[@listName='buyer-contracting-type']","repeatable":false},{"id":"OPP-070-notice","xpathAbsolute":"/*/ext:UBLExtensions/ext:UBLExtension/ext:ExtensionContent/efext:EformsExtension/efac:NoticeSubType/cbc:SubTypeCode","repeatable":false},{"id":"OPT-300-Procedure-Buyer","xpathAbsolute":"/*/cac:ContractingParty/cac:Party/cac:PartyIdentification/cbc:ID","repeatable":false},{"id":"OPT-301-Part-EmployLegis","xpathAbsolute":"/*/cac:ProcurementProjectLot[cbc:ID/@schemeName='Part']/cac:TenderingTerms/cac:EmploymentLegislationDocumentReference/cac:IssuerParty/cac:PartyIdentification/cbc:ID","repeatable":false},{"id":"OPT-301-Part-EnvironLegis","xpathAbsolute":"/*/cac:ProcurementProjectLot[cbc:ID/@schemeName='Part']/cac:TenderingTerms/cac:EnvironmentalLegislationDocumentReference/cac:IssuerParty/cac:PartyIdentification/cbc:ID","repeatable":false},{"id":"OPT-301-Part-FiscalLegis","xpathAbsolute":"/*/cac:ProcurementProjectLot[cbc:ID/@schemeName='Part']/cac:TenderingTerms/cac:FiscalLegislationDocumentReference/cac:IssuerParty/cac:PartyIdentification/cbc:ID","repeatable":false},{"id":"OPT-301-Part-ReviewOrg","xpathAbsolute":"/*/cac:ProcurementProjectLot[cbc:ID/@schemeName='Part']/cac:TenderingTerms/cac:AppealTerms/cac:AppealReceiverParty/cac:PartyIdentification/cbc:ID","repeatable":false}],"textarea":[{"id":"BT-21-Part","xpathAbsolute":"/*/cac:ProcurementProjectLot[cbc:ID/@schemeName='Part']/cac:ProcurementProject/cbc:Name","repeatable":false},{"id":"BT-21-Procedure","xpathAbsolute":"/*/cac:ProcurementProject/cbc:Name","repeatable":false},{"id":"BT-24-Part","xpathAbsolute":"/*/cac:ProcurementProjectLot[cbc:ID/@schemeName='Part']/cac:ProcurementProject/cbc:Description","repeatable":false},{"id":"BT-24-Procedure","xpathAbsolute":"/*/cac:ProcurementProject/cbc:Description","repeatable":false},{"id":"BT-500-Organization-Company","xpathAbsolute":"/*/ext:UBLExtensions/ext:UBLExtension/ext:ExtensionContent/efext:EformsExtension/efac:Organizations/efac:Organization/efac:Company/cac:PartyName/cbc:Name","repeatable":false},{"id":"BT-513-Organization-Company","xpathAbsolute":"/*/ext:UBLExtensions/ext:UBLExtension/ext:ExtensionContent/efext:EformsExtension/efac:Organizations/efac:Organization/efac:Company/cac:PostalAddress/cbc:CityName","repeatable":false}]}